Model,Accuracy,Precision,Recall,F1-score,ROC-AUC
Logistic Regression,0.9681818181818181,0.8444444444444444,0.5757575757575758,0.6846846846846847,0.9733602954105856
Decision Tree,0.9654545454545455,0.7121212121212122,0.7121212121212122,0.7121212121212122,0.8468729851708575
Random Forest,0.9727272727272728,0.8333333333333334,0.6818181818181818,0.75,0.9848924447570482
